0,1,ID
0.006900212314225054,0.993099787685775,24026
0.013333333333333334,0.9866666666666667,7789
0.01375880758807588,0.9862411924119241,28055
0.014127626074421196,0.9858723739255786,6041
0.01709214092140921,0.9829078590785908,17240
0.020064724919093852,0.979935275080906,16559
0.023398058252427186,0.9766019417475728,13407
0.02375880758807588,0.9762411924119241,28748
0.02798743023310351,0.9720125697668965,16490
0.03225657227070212,0.967743427729298,14543
0.033398058252427185,0.9666019417475727,13740
0.03375914938110537,0.9662408506188946,9099
0.03690021231422505,0.963099787685775,24398
0.037092140921409215,0.9629078590785908,13967
0.04,0.96,17904
0.040595128744018286,0.9594048712559817,21098
0.04145267874260847,0.9585473212573915,16099
0.04459088133028739,0.9554091186697126,13606
0.04687604697949048,0.9531239530205095,18423
0.04777777777777777,0.9522222222222223,6045
0.04804089970045704,0.9519591002995431,9287
0.04940196464260636,0.9505980353573937,8724
0.04998580579132444,0.9500141942086755,14709
0.05058135387133836,0.9494186461286618,9273
0.051175836030204966,0.9488241639697951,12433
0.05472979733799043,0.9452702026620097,8338
0.0568907528217873,0.9431092471782127,1967
0.05709214092140922,0.9429078590785908,17757
0.05805928133785954,0.9419407186621406,27255
0.05819042944617428,0.9418095705538257,24698
0.061818829490970895,0.9381811705090293,9085
0.063653236888531,0.936346763111469,13909
0.0648973341492904,0.9351026658507096,23939
0.06608509600602597,0.9339149039939744,20987
0.06768708841879574,0.9323129115812041,9020
0.06826860155732763,0.9317313984426723,10759
0.06830607707854235,0.9316939229214576,16310
0.06859436326884766,0.9314056367311525,12958
0.06898759126357665,0.9310124087364237,16303
0.07059104070856753,0.9294089592914325,5838
0.07398472183449595,0.926015278165504,20283
0.0752883499674257,0.9247116500325744,20760
0.07603947725443766,0.9239605227455623,7735
0.07820578631222154,0.9217942136877785,24874
0.08,0.92,15594
0.08063718199650219,0.9193628180034977,17236
0.08690021231422505,0.913099787685775,3879
0.08693464361828085,0.913065356381719,21961
0.08981557457693821,0.9101844254230618,24717
0.08988826825305027,0.9101117317469499,2090
0.09274230333796707,0.9072576966620332,9007
0.09417571997544892,0.905824280024551,9675
0.10021874108314786,0.8997812589168522,5391
0.10023354564755839,0.8997664543524416,27161
0.10086683006535949,0.8991331699346405,9715
0.10096579692772899,0.899034203072271,28262
0.10127530615793526,0.8987246938420648,15571
0.10192841590672576,0.8980715840932743,9108
0.10196247371061953,0.8980375262893805,14221
0.10231237117554115,0.8976876288244591,18194
0.10436076536863939,0.8956392346313604,6290
0.10623207315997865,0.8937679268400215,21569
0.10911184925015803,0.8908881507498421,16988
0.1102335456475584,0.8897664543524416,11988
0.11242230233387351,0.8875776976661265,26151
0.11364175444627864,0.8863582455537213,12018
0.11483602537729541,0.8851639746227047,27025
0.11839283016271353,0.8816071698372864,25875
0.11904221492283237,0.8809577850771677,27054
0.1227823020279753,0.8772176979720245,1752
0.1238095238095238,0.8761904761904763,16957
0.12551092324845012,0.87448907675155,13051
0.125624174791991,0.8743758252080088,18572
0.12644571364399174,0.8735542863560083,17925
0.12673139158576052,0.8732686084142396,21199
0.1297324922326629,0.8702675077673371,22901
0.13084633022989187,0.8691536697701082,22387
0.1318770213577892,0.8681229786422108,25256
0.13425446718685435,0.8657455328131456,16238
0.1344394053917863,0.8655605946082138,24591
0.1348148274727222,0.8651851725272777,4028
0.1369742698886625,0.8630257301113374,8139
0.13938603593194426,0.8606139640680559,15727
0.13989531161948193,0.8601046883805179,6062
0.1400004418242978,0.8599995581757022,15872
0.14014674642779093,0.8598532535722092,16536
0.14014996064325488,0.8598500393567451,14923
0.1429122025163875,0.8570877974836124,12841
0.14318985630015044,0.8568101436998495,19066
0.14363636363636365,0.8563636363636362,13219
0.1437204842382836,0.8562795157617163,11874
0.143867245456759,0.856132754543241,19131
0.14404499922946526,0.8559550007705347,21318
0.1458834556851396,0.8541165443148604,25416
0.1466701039132846,0.8533298960867154,20431
0.14685959671396565,0.8531404032860344,21668
0.1469135802469136,0.8530864197530864,24939
0.14980220207692047,0.8501977979230795,9584
0.1516409670952354,0.8483590329047647,23692
0.15174066648878926,0.8482593335112107,16470
0.15202054739469312,0.8479794526053068,12393
0.152984486409823,0.8470155135901769,23385
0.15319395369858443,0.8468060463014155,14942
0.15523869733830356,0.8447613026616965,17235
0.15569888140463548,0.8443011185953645,9075
0.16136137124274216,0.8386386287572579,1880
0.16252502093715382,0.8374749790628461,6910
0.1628095238095238,0.8371904761904762,13877
0.1642810844207699,0.8357189155792301,9518
0.1642832095709571,0.8357167904290429,16521
0.16502914897901244,0.8349708510209877,26308
0.1662592006236074,0.8337407993763926,16772
0.16698730924921135,0.8330126907507887,17231
0.16703937924052165,0.8329606207594783,17764
0.1670899470899471,0.8329100529100529,10769
0.1675863193678983,0.8324136806321017,20956
0.16781140507439168,0.8321885949256085,21517
0.16848972922502337,0.8315102707749766,24666
0.16884507657518757,0.8311549234248123,18043
0.17022222222222222,0.8297777777777778,1250
0.17069748160654055,0.8293025183934595,21017
0.1718385159730714,0.8281614840269288,10361
0.17327391642517,0.8267260835748302,18983
0.17502387447343992,0.8249761255265601,24488
0.17522353099097285,0.8247764690090271,10184
0.17842810215980945,0.8215718978401906,28880
0.17892387609332863,0.8210761239066715,21640
0.1793454284787201,0.8206545715212799,13101
0.18017094017094018,0.8198290598290598,24713
0.1802199597787833,0.8197800402212168,16823
0.1802335456475584,0.8197664543524417,293
0.1802510863054584,0.8197489136945415,16227
0.1804353436706378,0.8195646563293623,12347
0.18160505401129423,0.8183949459887058,28504
0.1819650190042347,0.8180349809957653,3854
0.18208001216428182,0.8179199878357182,17249
0.18245768847694435,0.8175423115230557,13292
0.1833980582524272,0.8166019417475728,18911
0.18384840062326663,0.8161515993767334,3094
0.1839411867005384,0.8160588132994616,2459
0.18439430588705708,0.8156056941129428,6898
0.1848773880044404,0.8151226119955596,15827
0.18521690768105284,0.8147830923189474,2004
0.1857823676175483,0.8142176323824517,25934
0.18622051562410702,0.8137794843758929,19056
0.18666666666666668,0.8133333333333334,21267
0.1869107400286368,0.813089259971363,25585
0.18737702980901008,0.81262297019099,7339
0.18745338325100233,0.8125466167489978,7163
0.18836062099954162,0.8116393790004585,19030
0.1893187284083691,0.810681271591631,9551
0.19028571428571428,0.8097142857142857,24970
0.19048381715048382,0.8095161828495162,20495
0.19333333333333333,0.8066666666666666,18228
0.1942157835141039,0.805784216485896,27801
0.19488885496946415,0.8051111450305359,18468
0.19587253165262142,0.8041274683473786,11720
0.19595424836601305,0.8040457516339868,17776
0.19624041868309855,0.8037595813169014,20130
0.1968328392291442,0.8031671607708559,7475
0.19715717284616885,0.8028428271538309,8905
0.19831780035436505,0.801682199645635,20659
0.19863964325767322,0.8013603567423268,12947
0.19957608112018754,0.8004239188798125,22164
0.1996310233594337,0.8003689766405664,21562
0.20045699504127185,0.7995430049587281,514
0.20065549401578814,0.7993445059842118,9919
0.20067810160163047,0.7993218983983695,8049
0.20137566137566137,0.7986243386243387,15317
0.20231091151780803,0.7976890884821919,16617
0.2032729001701754,0.7967270998298247,20211
0.20333333333333334,0.7966666666666666,1051
0.20362209860597708,0.7963779013940229,16961
0.20380050505050507,0.796199494949495,3458
0.20461845274563992,0.79538154725436,21213
0.20514650429875583,0.7948534957012443,18072
0.20609414966730757,0.7939058503326923,17394
0.2067076460213715,0.7932923539786284,17155
0.20683760683760682,0.7931623931623932,27229
0.20748281053620973,0.7925171894637902,6570
0.20909358601614036,0.7909064139838596,12319
0.20914014055090782,0.7908598594490922,13690
0.21,0.79,25044
0.2109090909090909,0.7890909090909091,3568
0.2109464355660008,0.7890535644339993,18110
0.2110442431853637,0.7889557568146363,4570
0.21111264796843993,0.7888873520315601,24155
0.2111424758651192,0.7888575241348809,15340
0.21136587018539793,0.7886341298146021,17919
0.2127795242253447,0.7872204757746554,20647
0.21286194259574304,0.787138057404257,21108
0.21333333333333335,0.7866666666666666,22473
0.21333333333333335,0.7866666666666666,29287
0.21390548727870007,0.7860945127212999,16680
0.21592291023571397,0.784077089764286,5884
0.21609816866569673,0.7839018313343032,13451
0.21697012138188607,0.7830298786181138,23234
0.21833465070913538,0.7816653492908647,16995
0.22,0.78,7323
0.2204804804804805,0.7795195195195195,10116
0.22074343434343432,0.7792565656565656,6344
0.22084325039312622,0.7791567496068738,9940
0.22101568627450982,0.7789843137254902,1082
0.22120446390561332,0.7787955360943867,2131
0.22123544534665474,0.7787645546533453,24423
0.22139522081118215,0.7786047791888179,15862
0.22172019509030264,0.7782798049096974,1723
0.2219395292102614,0.7780604707897385,25742
0.22330595124422298,0.7766940487557771,20389
0.22336336336336335,0.7766366366366367,24287
0.22390461569282266,0.7760953843071772,22177
0.22392753356104825,0.7760724664389518,16163
0.22444444444444442,0.7755555555555557,13499
0.22492619340693154,0.7750738065930685,3024
0.2252258218834306,0.7747741781165695,29016
0.22666666666666666,0.7733333333333333,16582
0.22666666666666666,0.7733333333333333,28144
0.22676082862523544,0.7732391713747646,13480
0.22712123696022932,0.7728787630397708,10355
0.2285294117647059,0.7714705882352941,9993
0.22853139205834525,0.7714686079416548,11099
0.22940354332855506,0.7705964566714449,9452
0.2296535233875985,0.7703464766124014,8543
0.22994402790637145,0.7700559720936282,12807
0.23076245041455565,0.7692375495854443,17208
0.23116057233704293,0.768839427662957,29065
0.23329750773911495,0.766702492260885,29916
0.23389219212589596,0.766107807874104,13969
0.23389978213507628,0.7661002178649238,13961
0.23401004540660864,0.7659899545933914,5659
0.23520168067226885,0.764798319327731,16643
0.23548896501252387,0.764511034987476,18706
0.23564380939043497,0.7643561906095651,4523
0.23579756119702655,0.7642024388029736,25287
0.23605583750165374,0.7639441624983462,15752
0.23617210849325407,0.7638278915067459,8603
0.23686274509803923,0.7631372549019608,20710
0.23712751853724215,0.7628724814627579,10576
0.23733891258207876,0.7626610874179213,4910
0.23888888888888885,0.7611111111111112,8809
0.23955694881065895,0.7604430511893411,3991
0.23973111732322258,0.7602688826767774,19899
0.2398462710534035,0.7601537289465965,7376
0.24033088235294117,0.7596691176470588,22495
0.2405290943855799,0.7594709056144201,19106
0.2406827024506186,0.7593172975493814,6876
0.24270202089480847,0.7572979791051915,17843
0.24296701032885243,0.7570329896711475,6727
0.24338983050847454,0.7566101694915255,29531
0.2434798534798535,0.7565201465201464,27586
0.2439663686675181,0.7560336313324819,5085
0.24408153384236064,0.7559184661576394,16871
0.24447998091444692,0.7555200190855531,22994
0.2445948044169068,0.7554051955830932,25905
0.24460372960372959,0.7553962703962704,6127
0.2454071855204164,0.7545928144795837,8781
0.24573401536170414,0.7542659846382956,20451
0.2463333744032835,0.7536666255967165,22551
0.24706967689359782,0.7529303231064022,11803
0.24708333333333332,0.7529166666666667,27550
0.24784622878531506,0.752153771214685,24258
0.24790902640034096,0.7520909735996588,3693
0.24982169348358033,0.7501783065164198,5233
0.24982569940695806,0.750174300593042,22112
0.25013711297961777,0.7498628870203823,12985
0.25119702503212965,0.7488029749678703,13185
0.2513298059964727,0.7486701940035274,19453
0.25189410026895726,0.7481058997310428,11284
0.25236598776635066,0.7476340122336492,10391
0.2536218644132313,0.7463781355867687,14506
0.25430807734151367,0.7456919226584862,10760
0.25437037037037036,0.7456296296296295,11302
0.25492017125829597,0.7450798287417041,5978
0.2550326797385621,0.744967320261438,6601
0.2555266635149975,0.7444733364850026,16978
0.25556053532993184,0.744439464670068,21074
0.25587977170066994,0.7441202282993301,27373
0.25639766081871346,0.7436023391812865,19753
0.25666666666666665,0.7433333333333333,5203
0.25674242424242427,0.7432575757575758,20991
0.2579355045375465,0.7420644954624536,17062
0.2581712216504669,0.741828778349533,17160
0.25864052287581707,0.741359477124183,14693
0.25930933235582765,0.7406906676441721,29112
0.2597056645708741,0.7402943354291259,1730
0.26,0.74,4425
0.26037037037037036,0.7396296296296296,28959
0.2605550951691143,0.7394449048308858,27852
0.2608369408369408,0.7391630591630591,27911
0.26095816129893284,0.7390418387010672,3597
0.2610669481964095,0.7389330518035904,4883
0.2615476190476191,0.738452380952381,13439
0.2623931623931624,0.7376068376068375,28547
0.26276251157431385,0.7372374884256863,24093
0.2638196347031963,0.7361803652968036,23927
0.264,0.736,16799
0.2640954219525648,0.7359045780474351,11969
0.26433200864707995,0.7356679913529202,21260
0.26536713814238566,0.7346328618576143,12835
0.2657109903984904,0.7342890096015096,11831
0.26687400656309285,0.7331259934369071,5032
0.26718655245575523,0.7328134475442447,3744
0.26739595263796656,0.7326040473620336,16188
0.2676718797842679,0.7323281202157322,9610
0.2678293749261491,0.7321706250738509,20696
0.26791259418277297,0.732087405817227,10365
0.2686564287703385,0.7313435712296614,18394
0.26906924560699313,0.7309307543930069,20382
0.2693141283559797,0.7306858716440203,17065
0.27,0.73,27842
0.27,0.73,5513
0.27014164782585837,0.7298583521741416,15422
0.2705651629072681,0.7294348370927318,27624
0.27061965966746715,0.7293803403325329,6493
0.2706604506604507,0.7293395493395493,2128
0.2709894701146551,0.7290105298853451,17285
0.2710743933588761,0.7289256066411239,24328
0.2720974025974026,0.7279025974025973,20886
0.27210497174782894,0.7278950282521712,16896
0.2722345946436368,0.7277654053563631,11772
0.2730486131319012,0.7269513868680987,21005
0.2735294117647059,0.7264705882352941,21176
0.27366666666666667,0.7263333333333334,4337
0.27392369914988346,0.7260763008501165,21673
0.27495719558219556,0.7250428044178044,15684
0.27543470421843497,0.724565295781565,8429
0.27631672407874147,0.7236832759212585,19224
0.2767152089978177,0.7232847910021823,1774
0.27712121212121216,0.7228787878787879,6946
0.27755179365771476,0.7224482063422855,12943
0.2780513171565643,0.7219486828434356,13093
0.27856188864605586,0.7214381113539441,10197
0.2795822794929938,0.7204177205070063,12029
0.27981906428874526,0.7201809357112549,13654
0.27985119047619045,0.7201488095238096,5384
0.2799860538728644,0.7200139461271357,8296
0.28,0.72,21102
0.2801755651755652,0.7198244348244348,25110
0.28030111465739027,0.7196988853426095,16192
0.28041666666666665,0.7195833333333334,13896
0.28100863657794356,0.7189913634220565,3454
0.28118278591155915,0.7188172140884408,18749
0.28196834440006696,0.718031655599933,21812
0.2825316999460047,0.7174683000539953,9390
0.28328803602636093,0.7167119639736391,9877
0.2833333333333333,0.7166666666666667,6050
0.28424242424242424,0.7157575757575758,3538
0.2856817404930695,0.7143182595069305,4593
0.2857613636363637,0.7142386363636364,17237
0.2866666666666667,0.7133333333333334,12192
0.2866835016835017,0.7133164983164982,14484
0.2869467375442985,0.7130532624557016,5986
0.28710327437789585,0.7128967256221039,29225
0.2875387329733895,0.7124612670266105,6964
0.28832662553649596,0.7116733744635041,15077
0.28858930976430974,0.7114106902356903,10490
0.28859935163996947,0.7114006483600306,18278
0.289397276003433,0.7106027239965669,27285
0.2904232804232804,0.7095767195767195,27191
0.29082722756219,0.70917277243781,6183
0.2909881091131091,0.7090118908868908,16621
0.29292962689069985,0.7070703731093,25053
0.293471783415523,0.706528216584477,20959
0.29369089759826844,0.7063091024017315,16260
0.29392762888031954,0.7060723711196805,22774
0.29450126425942263,0.7054987357405774,18381
0.2950797839862335,0.7049202160137665,18002
0.29590822140822143,0.7040917785917786,27139
0.2959785381829903,0.7040214618170098,5601
0.2966247409424901,0.70337525905751,4573
0.2966666666666667,0.7033333333333334,16039
0.2966666666666667,0.7033333333333334,17932
0.29690140845070423,0.7030985915492958,5875
0.29736191181106675,0.7026380881889331,12231
0.29737397143918887,0.7026260285608112,4876
0.29791666666666666,0.7020833333333333,29215
0.2985029654514537,0.7014970345485463,16488
0.2985041561175283,0.7014958438824719,7178
0.2988882136034665,0.7011117863965334,12724
0.2988920243303316,0.7011079756696684,5737
0.29953380923977485,0.7004661907602252,8390
0.3,0.7,24989
0.30002252252252254,0.6999774774774774,27474
0.3001960784313726,0.6998039215686275,19303
0.3004810744810744,0.6995189255189255,799
0.3005564102564102,0.6994435897435898,5049
0.30090467065861576,0.6990953293413843,9430
0.30109850685749445,0.6989014931425055,19738
0.30195383914411633,0.6980461608558837,1493
0.3020769242633566,0.6979230757366433,1282
0.3021076693088583,0.6978923306911418,26720
0.3022506537371587,0.6977493462628414,20323
0.3024079800270276,0.6975920199729724,15152
0.3029553828450334,0.6970446171549665,20806
0.30333333333333334,0.6966666666666667,23112
0.30356195449642054,0.6964380455035795,29669
0.30360796197689655,0.6963920380231032,8868
0.3037254901960785,0.6962745098039216,11903
0.3039783730623669,0.6960216269376333,22619
0.30398274231678485,0.6960172576832152,19344
0.30470474386523505,0.6952952561347646,17992
0.3047360086444593,0.6952639913555405,260
0.30593386300198183,0.6940661369980182,18708
0.3060472016219584,0.6939527983780417,27724
0.30629827736176873,0.6937017226382313,5893
0.30631913594679555,0.6936808640532045,18359
0.3063662028634806,0.6936337971365194,27654
0.30666666666666664,0.6933333333333334,19076
0.3068674698795181,0.6931325301204819,7071
0.3077082826201695,0.6922917173798305,2685
0.3077875457875458,0.6922124542124543,11428
0.3084057312252964,0.6915942687747034,9215
0.30853687352535436,0.6914631264746457,23416
0.3086711230201479,0.6913288769798521,27308
0.3093113159242192,0.690688684075781,20374
0.31,0.69,1388
0.3104441714441714,0.6895558285558285,7119
0.31062015503875967,0.6893798449612403,12206
0.310952380952381,0.689047619047619,4445
0.31123645132539823,0.6887635486746017,5148
0.3112815951386402,0.6887184048613597,8804
0.3112848313665361,0.6887151686334639,8857
0.3115169501870322,0.6884830498129678,2555
0.31167092427633997,0.68832907572366,20432
0.3117206349206349,0.688279365079365,9933
0.3126253876683279,0.6873746123316721,7057
0.31333333333333335,0.6866666666666666,25870
0.31333333333333335,0.6866666666666666,25887
0.31337489713186845,0.6866251028681314,4895
0.3139203253680314,0.6860796746319687,24934
0.3146772186245871,0.6853227813754129,8937
0.3148902207125158,0.6851097792874844,18719
0.3149769533132244,0.6850230466867757,11539
0.31554794520547946,0.6844520547945205,12159
0.31557465228395465,0.6844253477160455,16908
0.31566034977380564,0.6843396502261944,21167
0.31643456191116637,0.6835654380888336,26669
0.3164376412474747,0.6835623587525252,6250
0.31658584995246886,0.6834141500475311,17581
0.31683760683760687,0.6831623931623931,21556
0.31716984485574184,0.6828301551442582,2149
0.317591606133979,0.6824083938660209,543
0.3178936078936079,0.682106392106392,12599
0.3182236643492249,0.6817763356507751,17339
0.3189439825478916,0.6810560174521084,24810
0.31895833333333334,0.6810416666666667,5627
0.31942473649538866,0.6805752635046113,16560
0.3194495301952198,0.6805504698047802,13391
0.3196173250205675,0.6803826749794325,25809
0.32089957757296467,0.6791004224270354,4725
0.3210869452266307,0.6789130547733694,6668
0.32125854173543594,0.678741458264564,15469
0.3218243614609386,0.6781756385390612,21263
0.321845240625552,0.6781547593744481,5189
0.32239721925048587,0.6776027807495145,24391
0.32283020891432107,0.677169791085679,26774
0.3229309485468906,0.6770690514531095,21498
0.3233333333333333,0.6766666666666666,23311
0.3233333333333333,0.6766666666666666,22734
0.3233333333333333,0.6766666666666666,29452
0.3233333333333333,0.6766666666666666,25728
0.3235414230019493,0.6764585769980507,8213
0.32361554915367674,0.6763844508463229,12721
0.3236848272810898,0.6763151727189101,927
0.323786231884058,0.676213768115942,21557
0.3241067088942155,0.6758932911057847,17899
0.32418114143920596,0.6758188585607939,27705
0.32428571428571423,0.6757142857142857,12126
0.32467619047619045,0.6753238095238095,18537
0.3251309887136796,0.6748690112863202,8554
0.32524270868020866,0.6747572913197912,6858
0.32542483660130717,0.6745751633986927,24351
0.3255622771002652,0.6744377228997345,8233
0.32578454474995494,0.6742154552500447,12682
0.32613580858401686,0.6738641914159831,21935
0.3266426955124138,0.6733573044875861,17789
0.3273363475825113,0.6726636524174887,16682
0.32937807444308265,0.6706219255569174,12197
0.3304292615596963,0.6695707384403037,16705
0.3310435640558591,0.6689564359441409,4770
0.33144673657546775,0.6685532634245323,3537
0.33163947906203495,0.6683605209379654,1877
0.332347108852084,0.6676528911479161,20996
0.3333333333333333,0.6666666666666666,9963
0.33373892533088767,0.6662610746691123,15057
0.3339642938872391,0.666035706112761,15759
0.33445765724898613,0.6655423427510139,26260
0.3348001535501535,0.6651998464498464,13527
0.33486178689569646,0.6651382131043035,18445
0.33496634786839624,0.6650336521316036,23767
0.3353921750080968,0.6646078249919033,12469
0.33558438818565395,0.6644156118143459,23302
0.3356272042458483,0.6643727957541518,10990
0.3365955847221832,0.6634044152778167,606
0.3367797650177295,0.6632202349822707,26966
0.33678861788617886,0.6632113821138211,23472
0.33731840850548606,0.6626815914945139,10870
0.3374179454390452,0.6625820545609549,16834
0.3383333333333333,0.6616666666666666,9386
0.3388596407748366,0.6611403592251631,6752
0.33903485919240256,0.6609651408075975,24387
0.3396451537702727,0.6603548462297275,26039
0.33973165667218086,0.6602683433278191,8085
0.34029308724258733,0.6597069127574126,24914
0.3408333333333333,0.6591666666666667,8998
0.3412446586967721,0.6587553413032279,1183
0.3413384820747521,0.6586615179252479,22415
0.34208325957396585,0.6579167404260341,21051
0.342260083041169,0.657739916958831,20758
0.34263817958745496,0.657361820412545,14909
0.3433333333333333,0.6566666666666666,361
0.3433333333333333,0.6566666666666666,12967
0.34342857142857147,0.6565714285714286,7292
0.34381944444444446,0.6561805555555557,4680
0.3442222222222222,0.6557777777777778,16300
0.34434895853881825,0.6556510414611818,2462
0.3447484375598411,0.6552515624401589,2558
0.3455171366096704,0.6544828633903295,13746
0.3460288944406592,0.6539711055593409,11586
0.346093779037945,0.653906220962055,27557
0.34618978107050036,0.6538102189294995,11732
0.34656012335017383,0.6534398766498262,20291
0.34674907200754584,0.6532509279924542,5813
0.34701723888164565,0.6529827611183543,27581
0.3472463768115942,0.6527536231884058,2244
0.34755769230769235,0.6524423076923077,1447
0.34760394265232974,0.6523960573476704,6801
0.34907407407407404,0.6509259259259259,6487
0.3492915878790295,0.6507084121209705,11523
0.3496613428654119,0.6503386571345883,26130
0.35,0.65,12121
0.3505072463768116,0.6494927536231884,12207
0.35080737988492006,0.64919262011508,8578
0.351524410992058,0.6484755890079419,16980
0.35156269003598717,0.6484373099640128,26628
0.3519147862046291,0.6480852137953711,3903
0.35211815880502895,0.6478818411949712,29562
0.3523854470866361,0.647614552913364,8636
0.35307720057720055,0.6469227994227994,21581
0.35333333333333333,0.6466666666666666,4042
0.3535160438799631,0.646483956120037,8730
0.3535453531005899,0.6464546468994101,15767
0.35366604010025066,0.6463339598997494,14232
0.35391809908998983,0.64608190091001,2642
0.3539231884057971,0.6460768115942029,12593
0.3549891176635857,0.6450108823364142,4932
0.35526277139208173,0.6447372286079182,3257
0.3554578532578533,0.6445421467421467,7787
0.3569651513173628,0.643034848682637,10385
0.35707446625360506,0.6429255337463952,10255
0.3570833333333333,0.6429166666666667,17325
0.3571925925925926,0.6428074074074075,10473
0.35733333333333334,0.6426666666666667,16603
0.35747883597883595,0.642521164021164,24845
0.3579715659967844,0.6420284340032154,13009
0.3582583580221922,0.6417416419778078,8178
0.35843322933332994,0.6415667706666701,8561
0.3584553776012321,0.6415446223987679,12811
0.3584901094276094,0.6415098905723905,23081
0.35878784801408065,0.6412121519859193,6914
0.35881518564872755,0.6411848143512724,3339
0.3588995137507499,0.6411004862492501,21331
0.3590651908098573,0.6409348091901428,21534
0.35924603174603176,0.6407539682539682,27587
0.359462237852896,0.640537762147104,15431
0.36,0.64,1133
0.3606015037593985,0.6393984962406015,14023
0.36099089253187616,0.6390091074681239,1869
0.3613716390185932,0.6386283609814067,11306
0.3625345191139873,0.6374654808860127,20920
0.36304493730521126,0.6369550626947887,3391
0.3630952380952381,0.6369047619047619,14841
0.36324972011262335,0.6367502798873765,27278
0.3634615842255495,0.6365384157744506,5001
0.3635498273939491,0.6364501726060516,27282
0.36396640826873383,0.6360335917312662,17729
0.36647345767575323,0.6335265423242468,10403
0.36666666666666664,0.6333333333333333,27028
0.36666666666666664,0.6333333333333333,21241
0.36666666666666664,0.6333333333333333,355
0.36680690399137,0.6331930960086299,23510
0.3668189870486459,0.6331810129513542,28467
0.3670833333333333,0.6329166666666667,23316
0.36833333333333335,0.6316666666666667,13950
0.36848659003831413,0.6315134099616858,15600
0.3686686376314297,0.6313313623685703,12533
0.36876368076368077,0.6312363192363192,24173
0.3688351254480287,0.6311648745519713,10831
0.36895361380798275,0.6310463861920174,15191
0.36917096383780895,0.630829036162191,10521
0.3691723326068233,0.6308276673931771,24364
0.3691926509266935,0.6308073490733065,10594
0.37,0.63,19712
0.37003611971104233,0.6299638802889576,9086
0.37055075910005486,0.6294492408999451,18244
0.37121759259259257,0.6287824074074074,12909
0.371425925925926,0.6285740740740741,5755
0.3721771419254912,0.6278228580745089,15678
0.3722799824919708,0.6277200175080292,26744
0.3728470020747748,0.6271529979252256,16564
0.37297619047619046,0.6270238095238095,20646
0.37298412698412703,0.6270158730158731,424
0.37333333333333335,0.6266666666666667,15825
0.37333333333333335,0.6266666666666667,26382
0.37353621353692273,0.6264637864630773,23090
0.37354938271604937,0.6264506172839506,5643
0.3735680751173709,0.6264319248826291,27459
0.37368580230206866,0.6263141976979314,12042
0.3738888888888889,0.6261111111111112,24377
0.37468694885361553,0.6253130511463845,20225
0.37489190548014073,0.6251080945198592,6915
0.37542759212846943,0.6245724078715306,29005
0.37555555555555553,0.6244444444444445,10537
0.3760449015369506,0.6239550984630494,14779
0.3764822594577774,0.6235177405422226,26786
0.3765692579619334,0.6234307420380667,9087
0.3766222222222222,0.6233777777777778,14175
0.37666666666666665,0.6233333333333333,6947
0.37666666666666665,0.6233333333333333,6558
0.3770712212368065,0.6229287787631933,6843
0.3770833333333333,0.6229166666666667,15532
0.37733795399231485,0.622662046007685,14866
0.37749090761452675,0.6225090923854733,16265
0.3780096721051635,0.6219903278948365,26914
0.37842959540604704,0.6215704045939529,14048
0.3784539831195754,0.6215460168804245,27850
0.3789842826019296,0.6210157173980704,23822
0.37907203907203907,0.6209279609279609,9420
0.37968779409126585,0.6203122059087343,14834
0.38,0.62,4675
0.38,0.62,4190
0.38,0.62,16954
0.38,0.62,25582
0.3801495162708883,0.6198504837291118,26058
0.3804275099161137,0.6195724900838863,9096
0.3806388036289287,0.6193611963710713,755
0.38147069003102024,0.6185293099689798,6415
0.38174023262086537,0.6182597673791347,8499
0.3827502775991249,0.6172497224008751,27697
0.38318050200722836,0.6168194979927716,2963
0.38333333333333336,0.6166666666666667,17320
0.38345084777431104,0.6165491522256888,12054
0.3834675605319359,0.6165324394680639,28645
0.3840352494404219,0.6159647505595781,27963
0.3841825396825397,0.6158174603174603,9094
0.3842051860161737,0.6157948139838262,7192
0.38490652074783405,0.615093479252166,23565
0.3857407407407408,0.6142592592592593,14820
0.38628347557233217,0.6137165244276678,12620
0.38665610171858,0.6133438982814199,18061
0.38666666666666666,0.6133333333333333,29757
0.38678861788617885,0.6132113821138212,474
0.38714210812140865,0.6128578918785914,25761
0.38720007174244464,0.6127999282575554,28972
0.38730352303523036,0.6126964769647697,18352
0.38733333333333336,0.6126666666666667,24023
0.3878306878306878,0.6121693121693123,8844
0.38898267949560666,0.6110173205043933,29460
0.38940234519657235,0.6105976548034275,6659
0.3900702447891353,0.6099297552108647,16549
0.39027967898440874,0.6097203210155913,9153
0.3915054501656128,0.6084945498343873,3488
0.39166666666666666,0.6083333333333333,10816
0.3934655082224005,0.6065344917775994,25744
0.39376984126984127,0.6062301587301587,28116
0.3947542063793511,0.6052457936206489,7997
0.3949798662298662,0.6050201337701338,7506
0.3952380952380952,0.6047619047619047,4714
0.39665151515151514,0.6033484848484849,1668
0.39666666666666667,0.6033333333333334,14615
0.39666666666666667,0.6033333333333334,10918
0.3968057147593234,0.6031942852406768,20864
0.39688095238095233,0.6031190476190477,16599
0.39706359627148996,0.6029364037285099,7144
0.39707823522520064,0.6029217647747994,11822
0.39770626025420547,0.6022937397457946,13197
0.3977705798660124,0.6022294201339876,28797
0.39807512076518,0.6019248792348201,13023
0.39825641025641034,0.6017435897435898,17534
0.39840100893426655,0.6015989910657333,3046
0.399032290549779,0.6009677094502209,18581
0.39954599558599774,0.6004540044140023,29293
0.39966027436615675,0.6003397256338433,15965
0.4,0.6,533
0.4,0.6,25874
0.40019047619047615,0.5998095238095238,18680
0.40023354564755836,0.5997664543524417,23834
0.40023474178403756,0.5997652582159625,27268
0.4010145152146677,0.5989854847853322,9345
0.4022737556561086,0.5977262443438914,12581
0.40250590991545354,0.5974940900845463,17049
0.402519660665351,0.5974803393346491,14708
0.4025384403036577,0.5974615596963422,18384
0.4032046123526098,0.5967953876473904,24982
0.40397899754777605,0.5960210024522239,25183
0.40401107258762203,0.5959889274123777,18092
0.4041120268620269,0.5958879731379731,5703
0.40444444444444444,0.5955555555555555,25822
0.40461111111111114,0.5953888888888889,9773
0.40467363314458,0.59532636685542,1259
0.4048739495798319,0.5951260504201681,29339
0.4062169312169312,0.5937830687830687,10840
0.4064884135472371,0.5935115864527629,19866
0.4066666666666667,0.5933333333333334,4753
0.4066666666666667,0.5933333333333334,29003
0.4067143158423445,0.5932856841576555,13790
0.40694150250177413,0.5930584974982259,10773
0.4072258771929825,0.5927741228070176,28443
0.4075,0.5925,8016
0.4091942197711236,0.5908057802288764,24722
0.4093333333333333,0.5906666666666667,5477
0.40966078633774106,0.5903392136622587,21067
0.40982907159847,0.5901709284015301,11972
0.4105981861222266,0.5894018138777732,18178
0.4106666666666667,0.5893333333333333,28586
0.41087739675977947,0.5891226032402205,21292
0.4113342609771181,0.588665739022882,15840
0.4123823806852066,0.5876176193147935,15491
0.4123988603988604,0.5876011396011396,26672
0.41275252525252526,0.5872474747474747,28849
0.4133310508997396,0.5866689491002604,19708
0.41333333333333333,0.5866666666666667,19617
0.4134146341463415,0.5865853658536585,23515
0.4139923200792766,0.5860076799207234,6862
0.41423490507510297,0.5857650949248971,17970
0.414251917997129,0.585748082002871,26089
0.41468434343434346,0.5853156565656565,29784
0.41505555555555557,0.5849444444444445,7123
0.41525,0.58475,16936
0.4153431372549019,0.5846568627450981,13262
0.41605673042703556,0.5839432695729644,10044
0.41618954248366014,0.5838104575163399,730
0.4166666666666667,0.5833333333333334,26650
0.4167210144927536,0.5832789855072463,6066
0.41701149425287354,0.5829885057471265,17252
0.41796741548047395,0.5820325845195259,12949
0.41811736623175616,0.5818826337682437,16880
0.4182510595325185,0.5817489404674816,15775
0.41833333333333333,0.5816666666666667,9803
0.41873388498065545,0.5812661150193447,21183
0.4189448887754426,0.5810551112245573,2291
0.4197324682410155,0.5802675317589844,14194
0.41973593396121545,0.5802640660387846,26896
0.42,0.58,18893
0.42,0.58,161
0.42004884004884,0.5799511599511599,3419
0.4201058201058201,0.5798941798941799,270
0.4203287288122499,0.57967127118775,20570
0.4206590413943355,0.5793409586056645,2657
0.42147868136567307,0.578521318634327,5086
0.4216666666666667,0.5783333333333334,1932
0.42181712962962964,0.5781828703703705,3768
0.4221418424832683,0.5778581575167315,20667
0.4228382025918258,0.5771617974081742,7585
0.4230555555555555,0.5769444444444444,1242
0.4232043374341511,0.5767956625658489,4324
0.42333333333333334,0.5766666666666667,1244
0.42333333333333334,0.5766666666666667,22115
0.423653281649857,0.5763467183501431,6354
0.42403735632183903,0.575962643678161,6726
0.4241058801961058,0.5758941198038942,1182
0.4266666666666667,0.5733333333333334,24240
0.4266666666666667,0.5733333333333334,9633
0.4267737089316036,0.5732262910683964,15799
0.42692431561996785,0.5730756843800322,21130
0.42712328767123287,0.5728767123287671,3569
0.4277016687016686,0.5722983312983313,25312
0.42774999999999996,0.57225,14075
0.42793783914980676,0.5720621608501933,3398
0.42850855118624526,0.5714914488137547,2941
0.42888888888888893,0.5711111111111111,14140
0.42913899246548964,0.5708610075345103,783
0.4293162393162393,0.5706837606837607,27682
0.4295225384875918,0.5704774615124083,25027
0.43,0.57,15311
0.43011487423252126,0.5698851257674787,19234
0.43046010360387715,0.5695398963961228,17294
0.4307894778166758,0.5692105221833242,23597
0.43092862948073785,0.5690713705192622,1151
0.43145299145299143,0.5685470085470086,13988
0.43151872450871337,0.5684812754912866,11767
0.43176687435290273,0.5682331256470972,20830
0.43185714285714283,0.5681428571428572,11393
0.43219456895366876,0.5678054310463313,13319
0.4322124155135318,0.5677875844864683,29529
0.43322081856528855,0.5667791814347114,4005
0.43333333333333335,0.5666666666666667,4746
0.43333333333333335,0.5666666666666667,28642
0.4333686420389413,0.5666313579610587,15565
0.4334523809523809,0.5665476190476191,9188
0.4335555555555555,0.5664444444444444,27582
0.4339738898418144,0.5660261101581856,14870
0.43433191165309115,0.5656680883469087,14328
0.4346338400538027,0.565366159946197,24074
0.4346738462950139,0.5653261537049862,12861
0.43476014898068777,0.5652398510193122,6205
0.435035485153012,0.564964514846988,9672
0.43552442390742047,0.5644755760925796,21197
0.43586009485046656,0.5641399051495333,28763
0.43613353778279834,0.5638664622172018,20762
0.43640271815537707,0.563597281844623,21559
0.43666666666666665,0.5633333333333334,9446
0.4367407407407408,0.5632592592592592,21456
0.4367479674796748,0.5632520325203252,23631
0.4370142602495544,0.5629857397504455,2550
0.43706542779713514,0.5629345722028648,7611
0.4372261072261072,0.5627738927738928,3840
0.43727857315975616,0.5627214268402438,3950
0.4375511566650158,0.5624488433349842,2606
0.4375523164774835,0.5624476835225164,14312
0.43784879543706323,0.5621512045629369,25253
0.4378989063730836,0.5621010936269163,6564
0.4379605263157894,0.5620394736842106,12803
0.43818579043902484,0.5618142095609752,8389
0.4382787158136354,0.5617212841863648,1602
0.43933333333333335,0.5606666666666666,23582
0.4394779375119801,0.56052206248802,15014
0.43989632361861736,0.5601036763813826,23340
0.4399713838400725,0.5600286161599274,8719
0.44,0.56,2408
0.44,0.56,11273
0.44008022444672823,0.5599197755532718,20862
0.4402948749977267,0.5597051250022732,18213
0.440625,0.559375,11667
0.4412997903563941,0.5587002096436059,9198
0.44138023980072366,0.5586197601992764,28072
0.4415555555555555,0.5584444444444444,5013
0.44160285554704826,0.5583971444529519,20690
0.4421070273603985,0.5578929726396016,4446
0.442875,0.557125,26881
0.44309718854747565,0.5569028114525244,28612
0.4432020415438915,0.5567979584561085,5988
0.44333333333333336,0.5566666666666666,29190
0.44333333333333336,0.5566666666666666,9617
0.44333333333333336,0.5566666666666666,188
0.4435294117647059,0.5564705882352942,12388
0.44444444444444436,0.5555555555555556,13570
0.444566614043016,0.555433385956984,2771
0.4451246246246246,0.5548753753753753,25175
0.4452198317210135,0.5547801682789865,7560
0.4459888345927187,0.5540111654072812,610
0.446013137733726,0.553986862266274,14151
0.4460780192030192,0.5539219807969809,13283
0.4463831881630744,0.5536168118369257,8398
0.44652991452991453,0.5534700854700854,14205
0.44666666666666666,0.5533333333333333,3223
0.44690476190476186,0.5530952380952382,19948
0.4471462112766461,0.5528537887233539,7776
0.4473650442288486,0.5526349557711517,22721
0.4476190476190476,0.5523809523809524,11705
0.447726624099053,0.5522733759009468,15578
0.4479990916344796,0.5520009083655204,9490
0.4483471790768869,0.551652820923113,29488
0.44853011524244396,0.551469884757556,14234
0.4489254796018081,0.5510745203981919,2123
0.4491045554435023,0.5508954445564976,5980
0.44920748290977847,0.5507925170902216,17694
0.44953379953379957,0.5504662004662004,26847
0.44980481319596094,0.550195186804039,2237
0.45,0.55,1269
0.45,0.55,2361
0.45,0.55,16923
0.45008033157311245,0.5499196684268874,27594
0.4501811701135902,0.5498188298864098,20910
0.4502290717937619,0.5497709282062381,25139
0.4507636026442906,0.5492363973557093,24647
0.45137856482890937,0.5486214351710906,5134
0.4514444444444445,0.5485555555555556,28105
0.45168887431433985,0.5483111256856602,8935
0.4518978340260151,0.548102165973985,8340
0.45195592610313073,0.5480440738968693,2811
0.4521138166527737,0.5478861833472262,23845
0.45271981481988527,0.5472801851801147,26689
0.45277550700257974,0.5472244929974203,24789
0.45309032105468605,0.5469096789453136,3121
0.4533333333333333,0.5466666666666666,12362
0.4534238747996424,0.5465761252003576,3587
0.45363636363636367,0.5463636363636364,676
0.45534819993935743,0.5446518000606427,289
0.45570719475456317,0.5442928052454369,20012
0.45614444444444446,0.5438555555555555,15900
0.45655788655788654,0.5434421134421135,4989
0.45666666666666667,0.5433333333333333,18555
0.45667560863915146,0.5433243913608485,26206
0.4567231638418079,0.5432768361581921,26854
0.4567775386358204,0.5432224613641795,25078
0.45696969696969697,0.543030303030303,14274
0.4578240740740741,0.5421759259259259,27760
0.4581944444444444,0.5418055555555557,21001
0.4586187494460725,0.5413812505539273,8427
0.45931998556998554,0.5406800144300145,26919
0.45936891085516474,0.5406310891448353,5922
0.4594117647058823,0.5405882352941177,8549
0.45942591466504507,0.5405740853349549,27944
0.4596332832159746,0.5403667167840254,11474
0.46,0.54,19961
0.46,0.54,12542
0.46,0.54,27522
0.46024958949096884,0.5397504105090312,16631
0.46034942182001015,0.5396505781799898,1118
0.46048032052418025,0.5395196794758198,8013
0.460625,0.539375,19409
0.46066172933819993,0.5393382706618002,13001
0.46087478500172,0.53912521499828,105
0.4611091672990659,0.5388908327009341,8896
0.461641987164656,0.5383580128353441,7042
0.4619789846025801,0.53802101539742,23673
0.46327166818593424,0.5367283318140659,24317
0.4633333333333333,0.5366666666666666,3777
0.4633333333333333,0.5366666666666666,21917
0.4636895187775026,0.5363104812224974,5063
0.4637373737373737,0.5362626262626262,6479
0.4638536038213457,0.5361463961786542,2716
0.4640120091782515,0.5359879908217485,9491
0.4644695397858956,0.5355304602141043,15344
0.46537612496775704,0.5346238750322428,14059
0.46602767874826695,0.533972321251733,9597
0.4666666666666667,0.5333333333333333,18287
0.4666666666666667,0.5333333333333333,4551
0.4666666666666667,0.5333333333333333,16427
0.4666666666666667,0.5333333333333333,22872
0.4666666666666667,0.5333333333333333,23482
0.4668518518518518,0.5331481481481481,1920
0.4670395481660413,0.5329604518339587,27233
0.4675,0.5325,27511
0.4676919213691279,0.5323080786308719,16888
0.4677758939707994,0.5322241060292004,7799
0.4681009891879456,0.5318990108120544,5456
0.4682351223655572,0.5317648776344429,11827
0.4686666666666666,0.5313333333333333,19819
0.46909932659932657,0.5309006734006734,17664
0.46911111111111115,0.5308888888888889,1065
0.46964189877639567,0.5303581012236042,14285
0.46981397868882063,0.5301860213111793,26354
0.4704804804804805,0.5295195195195195,14334
0.4705555555555556,0.5294444444444444,3271
0.4705945918231894,0.5294054081768106,9703
0.4714939529212026,0.5285060470787973,19758
0.4716641414141414,0.5283358585858586,8218
0.4719222720478326,0.5280777279521675,15206
0.4726780079168263,0.5273219920831737,7503
0.47273148148148153,0.5272685185185185,321
0.4728552445575346,0.5271447554424653,4096
0.4732774457238714,0.5267225542761287,26376
0.47333333333333333,0.5266666666666666,12004
0.47352619805359536,0.5264738019464047,3519
0.47355078873654727,0.5264492112634528,23206
0.47387752615370193,0.5261224738462981,4748
0.4742972831765936,0.5257027168234064,1397
0.47457834001181304,0.525421659988187,24937
0.4749581005990479,0.525041899400952,26001
0.47534917176852653,0.5246508282314735,4651
0.4759686147186146,0.5240313852813854,506
0.476373040830588,0.5236269591694119,24864
0.4766656746031746,0.5233343253968253,17692
0.4766666666666667,0.5233333333333333,27254
0.4766666666666667,0.5233333333333333,20239
0.4766666666666667,0.5233333333333333,1350
0.4769482352129736,0.5230517647870264,25737
0.47723347171694463,0.5227665282830553,15018
0.4774882511040184,0.5225117488959815,6546
0.47838587213716455,0.5216141278628355,19382
0.47907351120117075,0.5209264887988293,5020
0.4793333333333334,0.5206666666666666,26484
0.4795084911114873,0.5204915088885127,27757
0.48,0.52,405
0.48,0.52,29817
0.4802182359962245,0.5197817640037755,15993
0.48029859728085533,0.5197014027191447,13136
0.4803988603988604,0.5196011396011396,29150
0.480496967509344,0.519503032490656,4463
0.4807777777777778,0.5192222222222221,14634
0.48083786583786586,0.5191621341621342,1398
0.48112127388017245,0.5188787261198275,8822
0.4813392645806412,0.5186607354193588,14271
0.48162179487179496,0.5183782051282051,6316
0.4818812974465148,0.5181187025534851,15851
0.4819062980030721,0.5180937019969278,3783
0.4820724637681159,0.517927536231884,24338
0.48245382333237635,0.5175461766676237,2707
0.48333333333333334,0.5166666666666667,29671
0.48375661375661383,0.5162433862433862,1428
0.4839311055784622,0.5160688944215377,11933
0.48416056698469484,0.5158394330153051,6591
0.4843507059596355,0.5156492940403644,19160
0.4844662745124585,0.5155337254875415,3748
0.4852815592903828,0.5147184407096171,3481
0.4856277056277056,0.5143722943722945,29993
0.48579043030210584,0.5142095696978941,13642
0.4871181551531973,0.5128818448468028,18251
0.4871563505054702,0.5128436494945299,23869
0.48866666666666664,0.5113333333333333,7845
0.48894994632313477,0.5110500536768653,27571
0.48902649500726414,0.5109735049927359,27431
0.48985807509449597,0.5101419249055045,6741
0.4898989898989899,0.51010101010101,7599
0.48990476190476195,0.510095238095238,10980
0.49,0.51,18099
0.49,0.51,19250
0.49030639730639736,0.5096936026936026,11196
